{
  "file": "./data/Event/privatized-mediocre-quality.csv",
  "Delta": 2,
  "pie_chart": [
    1438.1406802754138,
    0.4310973262216468
  ],
  "range_query": [
    37503.46666666667,
    1.0098527706668368
  ],
  "1-way(month)": [
    1261939.0,
    0.8669497557034587
  ],
  "1-way(neighbor)": [
    1261407.0,
    0.8665842726888008
  ],
  "1-way(incident)": [
    1261615.0,
    0.8667271683035542
  ],
  "2-way(month-incident)": [
    1257787.0,
    0.864097339393573
  ],
  "2-way(month-neighborhood)": [
    1255291.0,
    0.8623825920165319
  ],
  "2-way(neighborhood-incident)": [
    1197852.0,
    0.8229221054020038
  ],
  "3-way": [
    971065.0,
    0.667119856444867
  ]
}