{
  "file": "./data/event_dpsyn/2019-dpsyn-10.0-9.pkl",
  "Delta": 2,
  "pie_chart": [
    1662.4150498227323,
    0.498325854263409
  ],
  "range_query": [
    267.42,
    0.006487188150881487
  ],
  "1-way(month)": [
    2768.0,
    0.0019016108732570858
  ],
  "1-way(neighbor)": [
    4065.0,
    0.002792647471022418
  ],
  "1-way(incident)": [
    4941.0,
    0.00339445784854164
  ],
  "2-way(month-incident)": [
    7183.0,
    0.004934707696028051
  ],
  "2-way(month-neighborhood)": [
    7246.0,
    0.00497798857934279
  ],
  "2-way(neighborhood-incident)": [
    15287.0,
    0.01050214068622871
  ],
  "3-way": [
    132124.0,
    0.0907689432869289
  ]
}