{
  "file": "./data/sprint1/lap_eps10.csv",
  "Delta": 2,
  "pie_chart": [
    2023.2691944881217,
    0.606495561896919
  ],
  "range_query": [
    13807.966666666667,
    0.38598744471491
  ],
  "1-way(month)": [
    462603.0,
    0.3178074041912383
  ],
  "1-way(neighbor)": [
    462071.0,
    0.3174419211765805
  ],
  "1-way(incident)": [
    462279.0,
    0.31758481679133393
  ],
  "2-way(month-incident)": [
    458884.0,
    0.315252458079373
  ],
  "2-way(month-neighborhood)": [
    455955.0,
    0.3132402405043116
  ],
  "2-way(neighborhood-incident)": [
    397371.0,
    0.2729931410104918
  ],
  "3-way": [
    212155.0,
    0.1457500920577518
  ]
}