{
  "file": "./data/sprint1/lap_eps2.csv",
  "Delta": 5,
  "pie_chart": [
    574.4872577552262,
    0.1722084105980894
  ],
  "range_query": [
    78762.73,
    2.1223295550990207
  ],
  "1-way(month)": [
    2648985.0,
    1.8198477886903617
  ],
  "1-way(neighbor)": [
    2647655.0,
    1.8189340811537171
  ],
  "1-way(incident)": [
    2648175.0,
    1.8192913201906007
  ],
  "2-way(month-incident)": [
    2638605.0,
    1.8127167479156476
  ],
  "2-way(month-neighborhood)": [
    2632365.0,
    1.808429879473045
  ],
  "2-way(neighborhood-incident)": [
    2446573.0,
    1.6807911195871417
  ],
  "3-way": [
    1762412.0,
    1.2107737797538898
  ]
}