{
  "file": "./data/sprint1/lap_eps1.csv",
  "Delta": 5,
  "pie_chart": [
    309.71909172758103,
    0.09284145435479048
  ],
  "range_query": [
    162620.77666666667,
    4.431989539945329
  ],
  "1-way(month)": [
    5474202.0,
    3.760766634973152
  ],
  "1-way(neighbor)": [
    5472872.0,
    3.7598529274365076
  ],
  "1-way(incident)": [
    5473392.0,
    3.7602101664733913
  ],
  "2-way(month-incident)": [
    5463822.0,
    3.753635594198438
  ],
  "2-way(month-neighborhood)": [
    5457582.0,
    3.7493487257558353
  ],
  "2-way(neighborhood-incident)": [
    5269185.0,
    3.619920335694775
  ],
  "3-way": [
    4522145.0,
    3.106705239322675
  ]
}