{
  "file": "./data/event_dpsyn/2019-dpsyn-2.0-2.pkl",
  "Delta": 5,
  "pie_chart": [
    1654.9596814662964,
    0.4960910316145972
  ],
  "range_query": [
    270.92333333333335,
    0.006323762165850533
  ],
  "1-way(month)": [
    1617.0,
    0.0011108760050782902
  ],
  "1-way(neighbor)": [
    2517.0,
    0.0017291743381459843
  ],
  "1-way(incident)": [
    3962.0,
    0.00272188666179356
  ],
  "2-way(month-incident)": [
    5264.0,
    0.0036163582502981573
  ],
  "2-way(month-neighborhood)": [
    4281.0,
    0.0029410390709586646
  ],
  "2-way(neighborhood-incident)": [
    5034.0,
    0.0034583486762919686
  ],
  "3-way": [
    87332.0,
    0.05999692224829762
  ]
}