{
  "file": "./data/Event/privatized-very-poor-quality.csv",
  "Delta": 5,
  "pie_chart": [
    133.3127620564083,
    0.0399618591296188
  ],
  "range_query": [
    333284.56333333335,
    9.16414155822771
  ],
  "1-way(month)": [
    11201717.0,
    7.69555883177339
  ],
  "1-way(neighbor)": [
    11200387.0,
    7.694645124236745
  ],
  "1-way(incident)": [
    11200907.0,
    7.695002363273629
  ],
  "2-way(month-incident)": [
    11191337.0,
    7.688427790998675
  ],
  "2-way(month-neighborhood)": [
    11185097.0,
    7.684140922556073
  ],
  "2-way(neighborhood-incident)": [
    10993264.0,
    7.55235200685899
  ],
  "3-way": [
    10247040.0,
    7.039697500975538
  ]
}