{
  "file": "./data/Event/privatized-mediocre-quality.csv",
  "Delta": 5,
  "pie_chart": [
    1438.1406802754138,
    0.4310973262216468
  ],
  "range_query": [
    37517.513333333336,
    1.0121763862168776
  ],
  "1-way(month)": [
    1261903.0,
    0.8669250237701359
  ],
  "1-way(neighbor)": [
    1260573.0,
    0.8660113162334915
  ],
  "1-way(incident)": [
    1261093.0,
    0.866368555270375
  ],
  "2-way(month-incident)": [
    1251523.0,
    0.8597939829954219
  ],
  "2-way(month-neighborhood)": [
    1245283.0,
    0.8555071145528191
  ],
  "2-way(neighborhood-incident)": [
    1062886.0,
    0.7302007133788767
  ],
  "3-way": [
    533136.0,
    0.3662634445537535
  ]
}