{
  "file": "./data/event_dpsyn/2019-dpsyn-0.1-2.pkl",
  "Delta": 5,
  "pie_chart": [
    588.4452298315734,
    0.17639245498548364
  ],
  "range_query": [
    1731.6466666666668,
    0.04596052840040766
  ],
  "1-way(month)": [
    37872.0,
    0.026017993855488565
  ],
  "1-way(neighbor)": [
    86623.0,
    0.059509840561469844
  ],
  "1-way(incident)": [
    149106.0,
    0.10243554583376843
  ],
  "2-way(month-incident)": [
    188813.0,
    0.12971418129056725
  ],
  "2-way(month-neighborhood)": [
    191510.0,
    0.13156701529532677
  ],
  "2-way(neighborhood-incident)": [
    329319.0,
    0.22624154305279992
  ],
  "3-way": [
    378869.0,
    0.2602823012789158
  ]
}