{
  "file": "./data/event_dpsyn/2019-dpsyn-0.25-2.pkl",
  "Delta": 5,
  "pie_chart": [
    1083.8767696888308,
    0.3249031084199133
  ],
  "range_query": [
    699.35,
    0.018239633086482385
  ],
  "1-way(month)": [
    12432.0,
    0.008540760974108413
  ],
  "1-way(neighbor)": [
    30772.0,
    0.02114030700573231
  ],
  "1-way(incident)": [
    59851.0,
    0.04111752614714951
  ],
  "2-way(month-incident)": [
    77716.0,
    0.053390748058543235
  ],
  "2-way(month-neighborhood)": [
    71683.0,
    0.04924608823254612
  ],
  "2-way(neighborhood-incident)": [
    161585.0,
    0.11100859572082594
  ],
  "3-way": [
    159321.0,
    0.10945323191408676
  ]
}