{
  "file": "./data/event_dpsyn/2019-dpsyn-10.0-9.pkl",
  "Delta": 5,
  "pie_chart": [
    1662.4150498227323,
    0.498325854263409
  ],
  "range_query": [
    262.0466666666667,
    0.0064656307302084675
  ],
  "1-way(month)": [
    2738.0,
    0.001881000928821496
  ],
  "1-way(neighbor)": [
    3582.0,
    0.002460827365609422
  ],
  "1-way(incident)": [
    4670.0,
    0.003208281350473479
  ],
  "2-way(month-incident)": [
    4824.0,
    0.00331407906524284
  ],
  "2-way(month-neighborhood)": [
    3968.0,
    0.0027260086506806776
  ],
  "2-way(neighborhood-incident)": [
    4005.0,
    0.0027514275821512385
  ],
  "3-way": [
    88147.0,
    0.06055682573879781
  ]
}