{
  "file": "./data/event_dpsyn/2019-dpsyn-100-20.pkl",
  "Delta": 5,
  "pie_chart": [
    1630.3548373442422,
    0.4887154788202165
  ],
  "range_query": [
    653.9333333333333,
    0.017186694003957927
  ],
  "1-way(month)": [
    20622.0,
    0.014167275805024429
  ],
  "1-way(neighbor)": [
    19292.0,
    0.013253568268379949
  ],
  "1-way(incident)": [
    19876.0,
    0.013654775186726097
  ],
  "2-way(month-incident)": [
    12806.0,
    0.008797698281405433
  ],
  "2-way(month-neighborhood)": [
    5767.0,
    0.0039619183186682125
  ],
  "2-way(neighborhood-incident)": [
    0.0,
    0.0
  ],
  "3-way": [
    87000.0,
    0.059768838863210424
  ]
}