{
  "file": "./data/event_dpsyn/2019-dpsyn-1.0-2.pkl",
  "Delta": 2,
  "pie_chart": [
    1594.0440052736158,
    0.4778309368326186
  ],
  "range_query": [
    288.5933333333333,
    0.007432174244717095
  ],
  "1-way(month)": [
    3271.0,
    0.0022471709416271414
  ],
  "1-way(neighbor)": [
    6377.0,
    0.004380987188858538
  ],
  "1-way(incident)": [
    10349.0,
    0.007109743832130628
  ],
  "2-way(month-incident)": [
    15176.0,
    0.010425883891817027
  ],
  "2-way(month-neighborhood)": [
    16202.0,
    0.011130743991514199
  ],
  "2-way(neighborhood-incident)": [
    45836.0,
    0.031489247104989807
  ],
  "3-way": [
    134690.0,
    0.09253178053431968
  ]
}