{
  "file": "./data/event_dpsyn/2019-dpsyn-0.5-2.pkl",
  "Delta": 5,
  "pie_chart": [
    1400.8833625719774,
    0.41992906551917786
  ],
  "range_query": [
    394.83666666666664,
    0.009776206447424702
  ],
  "1-way(month)": [
    6936.0,
    0.004765019153508362
  ],
  "1-way(neighbor)": [
    12663.0,
    0.008699457546262456
  ],
  "1-way(incident)": [
    25933.0,
    0.017815922968271676
  ],
  "2-way(month-incident)": [
    35265.0,
    0.02422698968403581
  ],
  "2-way(month-neighborhood)": [
    31897.0,
    0.02191317992206693
  ],
  "2-way(neighborhood-incident)": [
    76142.0,
    0.05230941297382262
  ],
  "3-way": [
    98511.0,
    0.06767687454314623
  ]
}