{
  "file": "./data/sprint1/eps10.csv",
  "Delta": 5,
  "pie_chart": [
    1627.5842156105969,
    0.4878849567178048
  ],
  "range_query": [
    148258.66666666666,
    3.4091868048528107
  ],
  "1-way(month)": [
    4939628.0,
    3.393515287082786
  ],
  "1-way(neighbor)": [
    4938298.0,
    3.3926015795461417
  ],
  "1-way(incident)": [
    4938818.0,
    3.392958818583025
  ],
  "2-way(month-incident)": [
    4929248.0,
    3.3863842463080718
  ],
  "2-way(month-neighborhood)": [
    4923008.0,
    3.3820973778654695
  ],
  "2-way(neighborhood-incident)": [
    4726378.0,
    3.2470129320531353
  ],
  "3-way": [
    4207518.0,
    2.890557073058131
  ]
}