{
  "file": "./data/sprint1/eps1.csv",
  "Delta": 2,
  "pie_chart": [
    3267.523791966235,
    0.9794735587428762
  ],
  "range_query": [
    181140.88,
    4.319663715887951
  ],
  "1-way(month)": [
    6063173.0,
    4.165388621112277
  ],
  "1-way(neighbor)": [
    6063149.0,
    4.165372133156729
  ],
  "1-way(incident)": [
    6062873.0,
    4.165182521667922
  ],
  "2-way(month-incident)": [
    6060022.0,
    4.163223889948393
  ],
  "2-way(month-neighborhood)": [
    6064639.0,
    4.16639576039703
  ],
  "2-way(neighborhood-incident)": [
    6058452.0,
    4.162145302856263
  ],
  "3-way": [
    6038461.0,
    4.148411522882534
  ]
}