{
  "file": "./data/event_dpsyn/2019-dpsyn-2.0-2.pkl",
  "Delta": 2,
  "pie_chart": [
    1654.9596814662964,
    0.4960910316145972
  ],
  "range_query": [
    275.42333333333335,
    0.00682049808131545
  ],
  "1-way(month)": [
    1641.0,
    0.001127363960626762
  ],
  "1-way(neighbor)": [
    2942.0,
    0.0020211485509835066
  ],
  "1-way(incident)": [
    4237.0,
    0.002910811152453133
  ],
  "2-way(month-incident)": [
    7294.0,
    0.005010964490439734
  ],
  "2-way(month-neighborhood)": [
    7432.0,
    0.005105770234843447
  ],
  "2-way(neighborhood-incident)": [
    17664.0,
    0.012135135283675276
  ],
  "3-way": [
    131427.0,
    0.09029010557787537
  ]
}