{
  "file": "./data/sprint1/lap_eps2.csv",
  "Delta": 2,
  "pie_chart": [
    574.4872577552262,
    0.1722084105980894
  ],
  "range_query": [
    78953.6,
    2.1422030209912495
  ],
  "1-way(month)": [
    2649021.0,
    1.8198725206236843
  ],
  "1-way(neighbor)": [
    2648489.0,
    1.8195070376090265
  ],
  "1-way(incident)": [
    2648697.0,
    1.81964993322378
  ],
  "2-way(month-incident)": [
    2644869.0,
    1.8170201043137988
  ],
  "2-way(month-neighborhood)": [
    2642373.0,
    1.8153053569367577
  ],
  "2-way(neighborhood-incident)": [
    2586243.0,
    1.7767441508977693
  ],
  "3-way": [
    2377475.0,
    1.6333209215667954
  ]
}