{
  "file": "./data/sprint1/eps1.csv",
  "Delta": 5,
  "pie_chart": [
    3267.523791966235,
    0.9794735587428762
  ],
  "range_query": [
    185525.78333333333,
    4.377614863807978
  ],
  "1-way(month)": [
    6063137.0,
    4.165363889178955
  ],
  "1-way(neighbor)": [
    6063077.0,
    4.1653226692900835
  ],
  "1-way(incident)": [
    6062387.0,
    4.164848640568065
  ],
  "2-way(month-incident)": [
    6055354.0,
    4.160016982594215
  ],
  "2-way(month-neighborhood)": [
    6063817.0,
    4.165831047919495
  ],
  "2-way(neighborhood-incident)": [
    6051394.0,
    4.157296469928717
  ],
  "3-way": [
    5999762.0,
    4.1218253815587715
  ]
}