{
  "file": "./data/Event/privatized-very-poor-quality.csv",
  "Delta": 2,
  "pie_chart": [
    133.3127620564083,
    0.0399618591296188
  ],
  "range_query": [
    333518.85333333333,
    9.744276207300537
  ],
  "1-way(month)": [
    11201753.0,
    7.6955835637067125
  ],
  "1-way(neighbor)": [
    11201221.0,
    7.6952180806920545
  ],
  "1-way(incident)": [
    11201429.0,
    7.695360976306808
  ],
  "2-way(month-incident)": [
    11197601.0,
    7.6927311473968265
  ],
  "2-way(month-neighborhood)": [
    11195105.0,
    7.691016400019786
  ],
  "2-way(neighborhood-incident)": [
    11136834.0,
    7.650984330946244
  ],
  "3-way": [
    11045490.0,
    7.58823117212876
  ]
}