{
  "file": "./data/event_dpsyn/2019-dpsyn-1.0-2.pkl",
  "Delta": 5,
  "pie_chart": [
    1594.0440052736158,
    0.4778309368326186
  ],
  "range_query": [
    305.2266666666667,
    0.007529500308026366
  ],
  "1-way(month)": [
    3250.0,
    0.0022327439805222287
  ],
  "1-way(neighbor)": [
    5938.0,
    0.004079395001951075
  ],
  "1-way(incident)": [
    10094.0,
    0.006934559304428115
  ],
  "2-way(month-incident)": [
    13336.0,
    0.009161807299767519
  ],
  "2-way(month-neighborhood)": [
    12219.0,
    0.008394430368615726
  ],
  "2-way(neighborhood-incident)": [
    26315.0,
    0.01807835626075152
  ],
  "3-way": [
    88810.0,
    0.061012305510824344
  ]
}