{
  "file": "./data/event_dpsyn/2019-dpsyn-100-20.pkl",
  "Delta": 2,
  "pie_chart": [
    1630.3548373442422,
    0.4887154788202165
  ],
  "range_query": [
    617.8533333333334,
    0.01654970610207771
  ],
  "1-way(month)": [
    20658.0,
    0.014192007738347138
  ],
  "1-way(neighbor)": [
    20126.0,
    0.013826524723689344
  ],
  "1-way(incident)": [
    20364.0,
    0.013990030282878357
  ],
  "2-way(month-incident)": [
    17486.0,
    0.012012849613357442
  ],
  "2-way(month-neighborhood)": [
    14224.0,
    0.009771861655060977
  ],
  "2-way(neighborhood-incident)": [
    4592.0,
    0.0031546954949409458
  ],
  "3-way": [
    130605.0,
    0.0897253931003402
  ]
}