{
  "file": "./data/event_dpsyn/2019-dpsyn-0.5-2.pkl",
  "Delta": 2,
  "pie_chart": [
    1400.8833625719774,
    0.41992906551917786
  ],
  "range_query": [
    418.58,
    0.011064248524181409
  ],
  "1-way(month)": [
    6960.0,
    0.004781507109056834
  ],
  "1-way(neighbor)": [
    13083.0,
    0.008987996768360712
  ],
  "1-way(incident)": [
    26191.0,
    0.01799316849041775
  ],
  "2-way(month-incident)": [
    37548.0,
    0.025795406455584195
  ],
  "2-way(month-neighborhood)": [
    36362.0,
    0.024980626652230546
  ],
  "2-way(neighborhood-incident)": [
    96556.0,
    0.06633379316409363
  ],
  "3-way": [
    159436.0,
    0.10953223670108986
  ]
}