{
  "file": "./data/sprint1/eps2.csv",
  "Delta": 2,
  "pie_chart": [
    3267.457161279318,
    0.9794535855153831
  ],
  "range_query": [
    174348.33333333334,
    4.2839467160871
  ],
  "1-way(month)": [
    6062630.0,
    4.165015581117993
  ],
  "1-way(neighbor)": [
    6062606.0,
    4.164999093162445
  ],
  "1-way(incident)": [
    6062330.0,
    4.164809481673638
  ],
  "2-way(month-incident)": [
    6059474.0,
    4.16284741496337
  ],
  "2-way(month-neighborhood)": [
    6064025.0,
    4.165973943534248
  ],
  "2-way(neighborhood-incident)": [
    6057908.0,
    4.161771575863831
  ],
  "3-way": [
    6037837.0,
    4.147982836038274
  ]
}