{
  "file": "./data/event_dpsyn/2019-dpsyn-0.25-2.pkl",
  "Delta": 2,
  "pie_chart": [
    1083.8767696888308,
    0.3249031084199133
  ],
  "range_query": [
    675.5833333333334,
    0.017544064050162206
  ],
  "1-way(month)": [
    12453.0,
    0.008555187935213327
  ],
  "1-way(neighbor)": [
    31219.0,
    0.0214473951778226
  ],
  "1-way(incident)": [
    60088.0,
    0.04128034470819067
  ],
  "2-way(month-incident)": [
    80034.0,
    0.05498320976526647
  ],
  "2-way(month-neighborhood)": [
    76780.0,
    0.05274771779215283
  ],
  "2-way(neighborhood-incident)": [
    179252.0,
    0.12314579199894476
  ],
  "3-way": [
    245267.0,
    0.16849797472946013
  ]
}