{
  "file": "./data/sprint1/lap_eps1.csv",
  "Delta": 2,
  "pie_chart": [
    309.71909172758103,
    0.09284145435479048
  ],
  "range_query": [
    163195.10666666666,
    4.499234308577985
  ],
  "1-way(month)": [
    5474238.0,
    3.7607913669064748
  ],
  "1-way(neighbor)": [
    5473706.0,
    3.760425883891817
  ],
  "1-way(incident)": [
    5473914.0,
    3.7605687795065705
  ],
  "2-way(month-incident)": [
    5470086.0,
    3.7579389505965892
  ],
  "2-way(month-neighborhood)": [
    5467590.0,
    3.7562242032195483
  ],
  "2-way(neighborhood-incident)": [
    5411368.0,
    3.7175997933509572
  ],
  "3-way": [
    5253051.0,
    3.608836307577315
  ]
}