{
  "file": "./data/sprint1/lap_eps10.csv",
  "Delta": 5,
  "pie_chart": [
    2023.2691944881217,
    0.606495561896919
  ],
  "range_query": [
    13780.256666666666,
    0.38801261208883153
  ],
  "1-way(month)": [
    462567.0,
    0.31778267225791557
  ],
  "1-way(neighbor)": [
    461237.0,
    0.31686896472127113
  ],
  "1-way(incident)": [
    461757.0,
    0.3172262037581547
  ],
  "2-way(month-incident)": [
    452671.0,
    0.3109841385867624
  ],
  "2-way(month-neighborhood)": [
    445947.0,
    0.30636476304059884
  ],
  "2-way(neighborhood-incident)": [
    278076.0,
    0.191037696962369
  ],
  "3-way": [
    47543.0,
    0.032661952943374865
  ]
}