{
  "file": "./data/sprint1/eps10.csv",
  "Delta": 2,
  "pie_chart": [
    1627.5842156105969,
    0.4878849567178048
  ],
  "range_query": [
    147848.27666666667,
    3.4103047084561253
  ],
  "1-way(month)": [
    4939664.0,
    3.393540019016109
  ],
  "1-way(neighbor)": [
    4939132.0,
    3.393174536001451
  ],
  "1-way(incident)": [
    4939340.0,
    3.3933174316162042
  ],
  "2-way(month-incident)": [
    4935512.0,
    3.390687602706223
  ],
  "2-way(month-neighborhood)": [
    4933016.0,
    3.388972855329182
  ],
  "2-way(neighborhood-incident)": [
    4845941.0,
    3.3291524916048827
  ],
  "3-way": [
    4557766.0,
    3.131176800347346
  ]
}