{
  "file": "./data/event_dpsyn/2019-dpsyn-0.1-2.pkl",
  "Delta": 2,
  "pie_chart": [
    588.4452298315734,
    0.17639245498548364
  ],
  "range_query": [
    1662.9766666666667,
    0.041355169223266826
  ],
  "1-way(month)": [
    37899.0,
    0.026036542805480595
  ],
  "1-way(neighbor)": [
    87097.0,
    0.059835477683552164
  ],
  "1-way(incident)": [
    149328.0,
    0.10258805942259179
  ],
  "2-way(month-incident)": [
    192605.0,
    0.13231927826722578
  ],
  "2-way(month-neighborhood)": [
    197359.0,
    0.13558526746211894
  ],
  "2-way(neighborhood-incident)": [
    340459.0,
    0.23389470241988228
  ],
  "3-way": [
    446912.0,
    0.30702771625327696
  ]
}