{
  "file": "./data/sprint1/eps2.csv",
  "Delta": 5,
  "pie_chart": [
    3267.457161279318,
    0.9794535855153831
  ],
  "range_query": [
    179246.29,
    4.322146954714952
  ],
  "1-way(month)": [
    6062594.0,
    4.1649908491846706
  ],
  "1-way(neighbor)": [
    6062534.0,
    4.1649496292957995
  ],
  "1-way(incident)": [
    6061844.0,
    4.16447560057378
  ],
  "2-way(month-incident)": [
    6054803.0,
    4.159638446614748
  ],
  "2-way(month-neighborhood)": [
    6063203.0,
    4.165409231056713
  ],
  "2-way(neighborhood-incident)": [
    6050850.0,
    4.156922742936285
  ],
  "3-way": [
    5999099.0,
    4.1213699017867444
  ]
}